Depth,Lithology_values,Lithology
1420,600.39,clay-shale
1421,,unknown
1422,,unknown
1423,,unknown
1424,,unknown
1425,,unknown
1426,,unknown
1427,,unknown
1428,,unknown
1429,,unknown
1430,,unknown
1431,,unknown
1432,,unknown
1433,,unknown
1434,,unknown
1435,,unknown
1436,,unknown
1437,,unknown
1438,,unknown
1439,,unknown
1440,600.39,clay-shale
1441,,unknown
1442,,unknown
1443,,unknown
1444,,unknown
1445,,unknown
1446,600.39,clay-shale
1447,,unknown
1448,,unknown
1449,,unknown
1450,,unknown
1451,,unknown
1452,,unknown
1453,,unknown
1454,,unknown
1455,600.39,clay-shale
1456,,unknown
1457,600.39,clay-shale
1458,,unknown
1459,,unknown
1460,600.39,clay-shale
1461,,unknown
1462,,unknown
1463,,unknown
1464,,unknown
1465,,unknown
1466,,unknown
1467,,unknown
1468,,unknown
1469,,unknown
1470,,unknown
1471,,unknown
1472,,unknown
1473,,unknown
1474,,unknown
1475,,unknown
1476,,unknown
1477,,unknown
1478,,unknown
1479,,unknown
1480,600.39,clay-shale
1481,,unknown
1482,,unknown
1483,,unknown
1484,,unknown
1485,600.39,clay-shale
1486,,unknown
1487,,unknown
1488,,unknown
1489,,unknown
1490,,unknown
1491,,unknown
1492,,unknown
1493,,unknown
1494,,unknown
1495,,unknown
1496,,unknown
1497,,unknown
1498,,unknown
1499,,unknown
1500,600.39,clay-shale
1501,,unknown
1502,,unknown
1503,,unknown
1504,,unknown
1505,600.39,clay-shale
1506,,unknown
1507,,unknown
1508,,unknown
1509,,unknown
1510,,unknown
1511,,unknown
1512,,unknown
1513,,unknown
1514,,unknown
1515,,unknown
1516,,unknown
1517,,unknown
1518,,unknown
1519,,unknown
1520,600.39,clay-shale
1521,,unknown
1522,,unknown
1523,,unknown
1524,,unknown
1525,600.39,clay-shale
1526,,unknown
1527,,unknown
1528,,unknown
1529,,unknown
1530,,unknown
1531,,unknown
1532,,unknown
1533,,unknown
1534,,unknown
1535,,unknown
1536,,unknown
1537,,unknown
1538,,unknown
1539,,unknown
1540,600.39,clay-shale
1541,,unknown
1542,,unknown
1543,,unknown
1544,,unknown
1545,600.39,clay-shale
1546,,unknown
1547,,unknown
1548,,unknown
1549,,unknown
1550,600.39,clay-shale
1551,,unknown
1552,,unknown
1553,,unknown
1554,,unknown
1555,,unknown
1556,,unknown
1557,,unknown
1558,,unknown
1559,,unknown
1560,600.39,clay-shale
1561,,unknown
1562,,unknown
1563,,unknown
1564,,unknown
1565,,unknown
1566,,unknown
1567,,unknown
1568,600.39,clay-shale
1569,,unknown
1570,600.39,clay-shale
1571,,unknown
1572,,unknown
1573,,unknown
1574,,unknown
1575,600.39,clay-shale
1576,,unknown
1577,,unknown
1578,,unknown
1579,,unknown
1580,600.39,clay-shale
1581,,unknown
1582,,unknown
1583,,unknown
1584,,unknown
1585,,unknown
1586,,unknown
1587,,unknown
1588,,unknown
1589,,unknown
1590,,unknown
1591,,unknown
1592,,unknown
1593,,unknown
1594,,unknown
1595,,unknown
1596,,unknown
1597,,unknown
1598,,unknown
1599,600.39,clay-shale
1600,600.39,clay-shale
1601,600.39,clay-shale
1602,600.39,clay-shale
1603,600.39,clay-shale
1604,600.39,clay-shale
1605,600.39,clay-shale
1606,600.39,clay-shale
1607,600.39,clay-shale
1608,600.39,clay-shale
1609,600.39,clay-shale
1610,600.39,clay-shale
1611,600.39,clay-shale
1612,600.39,clay-shale
1613,600.39,clay-shale
1614,600.39,clay-shale
1615,600.39,clay-shale
1616,600.39,clay-shale
1617,600.39,clay-shale
1618,600.39,clay-shale
1619,600.39,clay-shale
1620,600.39,clay-shale
1621,600.39,clay-shale
1622,600.39,clay-shale
1623,600.39,clay-shale
1624,600.39,clay-shale
1625,600.39,clay-shale
1626,600.39,clay-shale
1627,600.39,clay-shale
1628,600.39,clay-shale
1629,600.39,clay-shale
1630,600.39,clay-shale
1631,600.39,clay-shale
1632,600.39,clay-shale
1633,600.39,clay-shale
1634,600.39,clay-shale
1635,600.39,clay-shale
1636,600.39,clay-shale
1637,600.39,clay-shale
1638,600.39,clay-shale
1639,600.39,clay-shale
1640,600.39,clay-shale
1641,,unknown
1642,,unknown
1643,,unknown
1644,,unknown
1645,,unknown
1646,,unknown
1647,,unknown
1648,600.39,clay-shale
1649,,unknown
1650,,unknown
1651,,unknown
1652,,unknown
1653,,unknown
1654,,unknown
1655,,unknown
1656,,unknown
1657,,unknown
1658,,unknown
1659,,unknown
1660,600.27,clay-shale
1661,,unknown
1662,,unknown
1663,,unknown
1664,,unknown
1665,,unknown
1666,,unknown
1667,,unknown
1668,,unknown
1669,,unknown
1670,,unknown
1671,,unknown
1672,,unknown
1673,,unknown
1674,,unknown
1675,,unknown
1676,,unknown
1677,600.27,clay-shale
1678,,unknown
1679,,unknown
1680,600.27,clay-shale
1681,,unknown
1682,600.27,clay-shale
1683,,unknown
1684,,unknown
1685,600.27,clay-shale
1686,,unknown
1687,,unknown
1688,,unknown
1689,600.27,clay-shale
1690,600.27,clay-shale
1691,,unknown
1692,,unknown
1693,,unknown
1694,,unknown
1695,600.27,clay-shale
1696,,unknown
1697,,unknown
1698,,unknown
1699,,unknown
1700,600.27,clay-shale
1701,,unknown
1702,,unknown
1703,,unknown
1704,,unknown
1705,,unknown
1706,,unknown
1707,,unknown
1708,,unknown
1709,,unknown
1710,,unknown
1711,,unknown
1712,,unknown
1713,,unknown
1714,,unknown
1715,,unknown
1716,,unknown
1717,,unknown
1718,,unknown
1719,,unknown
1720,600.27,clay-shale
1721,,unknown
1722,,unknown
1723,,unknown
1724,,unknown
1725,,unknown
1726,,unknown
1727,,unknown
1728,600.27,clay-shale
1729,600.27,clay-shale
1730,600.27,clay-shale
1731,600.27,clay-shale
1732,600.27,clay-shale
1733,600.27,clay-shale
1734,600.27,clay-shale
1735,600.27,clay-shale
1736,600.27,clay-shale
1737,600.27,clay-shale
1738,600.27,clay-shale
1739,600.27,clay-shale
1740,600.27,clay-shale
1741,600.27,clay-shale
1742,600.27,clay-shale
1743,600.27,clay-shale
1744,600.27,clay-shale
1745,600.27,clay-shale
1746,600.27,clay-shale
1747,600.27,clay-shale
1748,600.27,clay-shale
1749,600.27,clay-shale
1750,600.27,clay-shale
1751,600.27,clay-shale
1752,600.27,clay-shale
1753,600.27,clay-shale
1754,600.27,clay-shale
1755,600.27,clay-shale
1756,600.27,clay-shale
1757,600.27,clay-shale
1758,600.27,clay-shale
1759,600.27,clay-shale
1760,600.27,clay-shale
1761,600.27,clay-shale
1762,600.27,clay-shale
1763,600.27,clay-shale
1764,600.27,clay-shale
1765,600.27,clay-shale
1766,600.27,clay-shale
1767,600.27,clay-shale
1768,600.27,clay-shale
1769,600.27,clay-shale
1770,600.27,clay-shale
1771,,unknown
1772,,unknown
1773,,unknown
1774,,unknown
1775,,unknown
1776,,unknown
1777,,unknown
1778,,unknown
1779,,unknown
1780,600.27,clay-shale
1781,,unknown
1782,,unknown
1783,,unknown
1784,,unknown
1785,600.27,clay-shale
1786,,unknown
1787,,unknown
1788,,unknown
1789,,unknown
1790,600.27,clay-shale
1791,,unknown
1792,,unknown
1793,,unknown
1794,,unknown
1795,600.27,clay-shale
1796,,unknown
1797,,unknown
1798,,unknown
1799,,unknown
1800,600,clay-shale
1801,,unknown
1802,,unknown
1803,,unknown
1804,,unknown
1805,,unknown
1806,,unknown
1807,,unknown
1808,,unknown
1809,600,clay-shale
1810,600,clay-shale
1811,600,clay-shale
1812,600,clay-shale
1813,600,clay-shale
1814,600,clay-shale
1815,600,clay-shale
1816,600,clay-shale
1817,600,clay-shale
1818,600,clay-shale
1819,600,clay-shale
1820,600,clay-shale
1821,600,clay-shale
1822,600,clay-shale
1823,600,clay-shale
1824,600,clay-shale
1825,600,clay-shale
1826,600,clay-shale
1827,600,clay-shale
1828,600,clay-shale
1829,600,clay-shale
1830,600,clay-shale
1831,600,clay-shale
1832,600,clay-shale
1833,600,clay-shale
1834,600,clay-shale
1835,600,clay-shale
1836,600,clay-shale
1837,600,clay-shale
1838,600,clay-shale
1839,600,clay-shale
1840,600,clay-shale
1841,600,clay-shale
1842,600,clay-shale
1843,600,clay-shale
1844,600,clay-shale
1845,600,clay-shale
1846,600,clay-shale
1847,600,clay-shale
1848,600,clay-shale
1849,600,clay-shale
1850,600,clay-shale
1851,,unknown
1852,,unknown
1853,,unknown
1854,,unknown
1855,,unknown
1856,,unknown
1857,,unknown
1858,,unknown
1859,,unknown
1860,600,clay-shale
1861,,unknown
1862,,unknown
1863,,unknown
1864,,unknown
1865,,unknown
1866,,unknown
1867,,unknown
1868,,unknown
1869,,unknown
1870,600,clay-shale
1871,600,clay-shale
1872,600,clay-shale
1873,600,clay-shale
1874,600,clay-shale
1875,600,clay-shale
1876,600,clay-shale
1877,600,clay-shale
1878,600,clay-shale
1879,600,clay-shale
1880,600,clay-shale
1881,,unknown
1882,,unknown
1883,,unknown
1884,,unknown
1885,,unknown
1886,,unknown
1887,,unknown
1888,,unknown
1889,,unknown
1890,,unknown
1891,600,clay-shale
1892,,unknown
1893,,unknown
1894,,unknown
1895,,unknown
1896,,unknown
1897,,unknown
1898,,unknown
1899,,unknown
1900,600,clay-shale
1901,,unknown
1902,,unknown
1903,,unknown
1904,,unknown
1905,600,clay-shale
1906,,unknown
1907,,unknown
1908,,unknown
1909,,unknown
1910,600,clay-shale
1911,,unknown
1912,,unknown
1913,,unknown
1914,,unknown
1915,,unknown
1916,,unknown
1917,,unknown
1918,,unknown
1919,,unknown
1920,600.19,clay-shale
1921,,unknown
1922,,unknown
1923,,unknown
1924,,unknown
1925,,unknown
1926,,unknown
1927,,unknown
1928,,unknown
1929,,unknown
1930,,unknown
1931,,unknown
1932,600.19,clay-shale
1933,,unknown
1934,,unknown
1935,,unknown
1936,,unknown
1937,,unknown
1938,,unknown
1939,,unknown
1940,600.19,clay-shale
1941,,unknown
1942,,unknown
1943,,unknown
1944,,unknown
1945,600.19,clay-shale
1946,,unknown
1947,,unknown
1948,,unknown
1949,,unknown
1950,600.19,clay-shale
1951,,unknown
1952,,unknown
1953,,unknown
1954,,unknown
1955,,unknown
1956,,unknown
1957,,unknown
1958,,unknown
1959,,unknown
1960,600.19,clay-shale
1961,,unknown
1962,,unknown
1963,,unknown
1964,,unknown
1965,,unknown
1966,,unknown
1967,,unknown
1968,,unknown
1969,,unknown
1970,600.19,clay-shale
1971,,unknown
1972,,unknown
1973,,unknown
1974,600.19,clay-shale
1975,,unknown
1976,,unknown
1977,,unknown
1978,,unknown
1979,600.19,clay-shale
1980,600.19,clay-shale
1981,,unknown
1982,,unknown
1983,,unknown
1984,600.19,clay-shale
1985,,unknown
1986,,unknown
1987,,unknown
1988,,unknown
1989,,unknown
1990,,unknown
1991,,unknown
1992,,unknown
1993,,unknown
1994,,unknown
1995,,unknown
1996,,unknown
1997,,unknown
1998,,unknown
1999,,unknown
2000,600,clay-shale
2001,,unknown
2002,,unknown
2003,,unknown
2004,,unknown
2005,,unknown
2006,,unknown
2007,,unknown
2008,,unknown
2009,,unknown
2010,,unknown
2011,600,clay-shale
2012,,unknown
2013,,unknown
2014,,unknown
2015,,unknown
2016,,unknown
2017,,unknown
2018,,unknown
2019,,unknown
2020,600,clay-shale
2021,,unknown
2022,,unknown
2023,,unknown
2024,,unknown
2025,,unknown
2026,,unknown
2027,,unknown
2028,,unknown
2029,,unknown
2030,,unknown
2031,,unknown
2032,,unknown
2033,,unknown
2034,,unknown
2035,,unknown
2036,,unknown
2037,,unknown
2038,,unknown
2039,600,clay-shale
2040,600,clay-shale
2041,,unknown
2042,,unknown
2043,,unknown
2044,600,clay-shale
2045,,unknown
2046,,unknown
2047,,unknown
2048,,unknown
2049,600,clay-shale
2050,,unknown
2051,600,clay-shale
2052,,unknown
2053,,unknown
2054,,unknown
2055,,unknown
2056,,unknown
2057,,unknown
2058,,unknown
2059,,unknown
2060,600,clay-shale
2061,,unknown
2062,,unknown
2063,,unknown
2064,,unknown
2065,,unknown
2066,,unknown
2067,,unknown
2068,,unknown
2069,,unknown
2070,,unknown
2071,,unknown
2072,,unknown
2073,,unknown
2074,,unknown
2075,,unknown
2076,,unknown
2077,,unknown
2078,,unknown
2079,,unknown
2080,600.27,clay-shale
2081,600.27,clay-shale
2082,,unknown
2083,,unknown
2084,,unknown
2085,,unknown
2086,600.27,clay-shale
2087,,unknown
2088,,unknown
2089,,unknown
2090,,unknown
2091,600.27,clay-shale
2092,,unknown
2093,,unknown
2094,,unknown
2095,,unknown
2096,,unknown
2097,,unknown
2098,,unknown
2099,,unknown
2100,600.27,clay-shale
2101,,unknown
2102,,unknown
2103,,unknown
2104,,unknown
2105,,unknown
2106,,unknown
2107,,unknown
2108,,unknown
2109,,unknown
2110,,unknown
2111,,unknown
2112,,unknown
2113,,unknown
2114,,unknown
2115,,unknown
2116,,unknown
2117,,unknown
2118,,unknown
2119,,unknown
2120,600.27,clay-shale
2121,,unknown
2122,,unknown
2123,,unknown
2124,,unknown
2125,,unknown
2126,,unknown
2127,,unknown
2128,,unknown
2129,,unknown
2130,,unknown
2131,,unknown
2132,600.27,clay-shale
2133,,unknown
2134,,unknown
2135,,unknown
2136,,unknown
2137,,unknown
2138,,unknown
2139,,unknown
2140,600.27,clay-shale
2141,,unknown
2142,,unknown
2143,,unknown
2144,,unknown
2145,,unknown
2146,,unknown
2147,,unknown
2148,,unknown
2149,,unknown
2150,600.27,clay-shale
2151,,unknown
2152,,unknown
2153,,unknown
2154,,unknown
2155,600.27,clay-shale
2156,,unknown
2157,,unknown
2158,,unknown
2159,,unknown
2160,600.27,clay-shale
2161,,unknown
2162,,unknown
2163,,unknown
2164,,unknown
2165,600.27,clay-shale
2166,,unknown
2167,,unknown
2168,,unknown
2169,,unknown
2170,,unknown
2171,,unknown
2172,600.27,clay-shale
2173,,unknown
2174,,unknown
2175,,unknown
2176,,unknown
2177,,unknown
2178,,unknown
2179,,unknown
2180,600,clay-shale
2181,,unknown
2182,,unknown
2183,,unknown
2184,,unknown
2185,,unknown
2186,,unknown
2187,,unknown
2188,,unknown
2189,,unknown
2190,,unknown
2191,,unknown
2192,,unknown
2193,,unknown
2194,,unknown
2195,,unknown
2196,,unknown
2197,,unknown
2198,,unknown
2199,,unknown
2200,600,clay-shale
2201,,unknown
2202,,unknown
2203,,unknown
2204,,unknown
2205,600,clay-shale
2206,,unknown
2207,,unknown
2208,,unknown
2209,,unknown
2210,600,clay-shale
2211,,unknown
2212,,unknown
2213,600,clay-shale
2214,,unknown
2215,,unknown
2216,,unknown
2217,,unknown
2218,,unknown
2219,,unknown
2220,600,clay-shale
2221,,unknown
2222,,unknown
2223,,unknown
2224,,unknown
2225,600,clay-shale
2226,,unknown
2227,,unknown
2228,,unknown
2229,,unknown
2230,600,clay-shale
2231,,unknown
2232,,unknown
2233,,unknown
2234,,unknown
2235,600,clay-shale
2236,,unknown
2237,,unknown
2238,,unknown
2239,,unknown
2240,600.19,clay-shale
2241,,unknown
2242,,unknown
2243,,unknown
2244,,unknown
2245,,unknown
2246,,unknown
2247,,unknown
2248,,unknown
2249,,unknown
2250,,unknown
2251,,unknown
2252,,unknown
2253,600.19,clay-shale
2254,,unknown
2255,,unknown
2256,,unknown
2257,,unknown
2258,,unknown
2259,,unknown
2260,600.19,clay-shale
2261,,unknown
2262,,unknown
2263,,unknown
2264,,unknown
2265,,unknown
2266,,unknown
2267,,unknown
2268,,unknown
2269,,unknown
2270,,unknown
2271,,unknown
2272,,unknown
2273,,unknown
2274,,unknown
2275,,unknown
2276,,unknown
2277,,unknown
2278,,unknown
2279,,unknown
2280,600.19,clay-shale
2281,,unknown
2282,,unknown
2283,,unknown
2284,,unknown
2285,,unknown
2286,,unknown
2287,,unknown
2288,,unknown
2289,,unknown
2290,,unknown
2291,,unknown
2292,600.19,clay-shale
2293,,unknown
2294,,unknown
2295,,unknown
2296,,unknown
2297,,unknown
2298,,unknown
2299,,unknown
2300,300.21,sandstone
2301,,unknown
2302,,unknown
2303,,unknown
2304,,unknown
2305,300.21,sandstone
2306,,unknown
2307,,unknown
2308,,unknown
2309,,unknown
2310,300.21,sandstone
2311,,unknown
2312,,unknown
2313,,unknown
2314,,unknown
2315,300.21,sandstone
2316,,unknown
2317,,unknown
2318,,unknown
2319,,unknown
2320,300.21,sandstone
2321,,unknown
2322,,unknown
2323,,unknown
2324,,unknown
2325,300.21,sandstone
2326,,unknown
2327,,unknown
2328,,unknown
2329,,unknown
2330,300.21,sandstone
2331,,unknown
2332,,unknown
2333,300.21,sandstone
2334,,unknown
2335,300.21,sandstone
2336,,unknown
2337,,unknown
2338,,unknown
2339,,unknown
2340,300.21,sandstone
2341,,unknown
2342,,unknown
2343,,unknown
2344,,unknown
2345,,unknown
2346,,unknown
2347,,unknown
2348,,unknown
2349,,unknown
2350,,unknown
2351,,unknown
2352,,unknown
2353,,unknown
2354,,unknown
2355,,unknown
2356,,unknown
2357,,unknown
2358,,unknown
2359,,unknown
2360,300.21,sandstone
2361,,unknown
2362,,unknown
2363,,unknown
2364,,unknown
2365,,unknown
2366,,unknown
2367,,unknown
2368,,unknown
2369,,unknown
2370,,unknown
2371,,unknown
2372,300.21,sandstone
2373,,unknown
2374,,unknown
2375,,unknown
2376,,unknown
2377,,unknown
2378,,unknown
2379,,unknown
2380,300.21,sandstone
2381,,unknown
2382,,unknown
2383,,unknown
2384,,unknown
2385,,unknown
2386,,unknown
2387,,unknown
2388,,unknown
2389,,unknown
2390,,unknown
2391,,unknown
2392,,unknown
2393,,unknown
2394,,unknown
2395,,unknown
2396,,unknown
2397,,unknown
2398,,unknown
2399,,unknown
2400,300.21,sandstone
2401,,unknown
2402,,unknown
2403,300.21,sandstone
2404,,unknown
2405,,unknown
2406,,unknown
2407,,unknown
2408,300.21,sandstone
2409,,unknown
2410,,unknown
2411,,unknown
2412,300.21,sandstone
2413,300.21,sandstone
2414,,unknown
2415,,unknown
2416,,unknown
2417,,unknown
2418,,unknown
2419,,unknown
2420,600,clay-shale
2421,,unknown
2422,,unknown
2423,,unknown
2424,,unknown
2425,,unknown
2426,,unknown
2427,,unknown
2428,,unknown
2429,,unknown
2430,,unknown
2431,,unknown
2432,,unknown
2433,,unknown
2434,,unknown
2435,,unknown
2436,,unknown
2437,,unknown
2438,,unknown
2439,,unknown
2440,600,clay-shale
2441,,unknown
2442,,unknown
2443,,unknown
2444,,unknown
2445,,unknown
2446,,unknown
2447,,unknown
2448,,unknown
2449,,unknown
2450,,unknown
2451,,unknown
2452,,unknown
2453,,unknown
2454,600,clay-shale
2455,,unknown
2456,,unknown
2457,,unknown
2458,,unknown
2459,600,clay-shale
2460,600,clay-shale
2461,,unknown
2462,,unknown
2463,,unknown
2464,600,clay-shale
2465,,unknown
2466,,unknown
2467,,unknown
2468,,unknown
2469,600,clay-shale
2470,,unknown
2471,,unknown
2472,,unknown
2473,,unknown
2474,,unknown
2475,,unknown
2476,,unknown
2477,,unknown
2478,,unknown
2479,,unknown
2480,600,clay-shale
2481,,unknown
2482,,unknown
2483,,unknown
2484,,unknown
2485,,unknown
2486,,unknown
2487,,unknown
2488,,unknown
2489,,unknown
2490,600,clay-shale
2491,,unknown
2492,,unknown
2493,600,clay-shale
2494,,unknown
2495,600,clay-shale
2496,,unknown
2497,,unknown
2498,,unknown
2499,,unknown
2500,600,clay-shale
2501,,unknown
2502,,unknown
2503,,unknown
2504,,unknown
2505,,unknown
2506,,unknown
2507,,unknown
2508,,unknown
2509,,unknown
2510,,unknown
2511,,unknown
2512,,unknown
2513,,unknown
2514,,unknown
2515,,unknown
2516,,unknown
2517,,unknown
2518,,unknown
2519,,unknown
2520,600,clay-shale
2521,,unknown
2522,,unknown
2523,,unknown
2524,,unknown
2525,,unknown
2526,,unknown
2527,,unknown
2528,,unknown
2529,,unknown
2530,,unknown
2531,,unknown
2532,,unknown
2533,,unknown
2534,,unknown
2535,,unknown
2536,,unknown
2537,,unknown
2538,,unknown
2539,,unknown
2540,600,clay-shale
2541,,unknown
2542,,unknown
2543,,unknown
2544,,unknown
2545,,unknown
2546,,unknown
2547,,unknown
2548,,unknown
2549,,unknown
2550,,unknown
2551,,unknown
2552,,unknown
2553,,unknown
2554,,unknown
2555,,unknown
2556,,unknown
2557,,unknown
2558,,unknown
2559,,unknown
2560,600,clay-shale
2561,,unknown
2562,600,clay-shale
2563,,unknown
2564,,unknown
2565,,unknown
2566,,unknown
2567,,unknown
2568,,unknown
2569,,unknown
2570,,unknown
2571,,unknown
2572,,unknown
2573,600,clay-shale
2574,,unknown
2575,,unknown
2576,,unknown
2577,,unknown
2578,600,clay-shale
2579,,unknown
2580,600.39,clay-shale
2581,,unknown
2582,,unknown
2583,600.39,clay-shale
2584,,unknown
2585,,unknown
2586,,unknown
2587,,unknown
2588,,unknown
2589,,unknown
2590,,unknown
2591,,unknown
2592,,unknown
2593,,unknown
2594,,unknown
2595,,unknown
2596,,unknown
2597,,unknown
2598,,unknown
2599,,unknown
2600,600.39,clay-shale
2601,,unknown
2602,,unknown
2603,,unknown
2604,,unknown
2605,,unknown
2606,,unknown
2607,,unknown
2608,,unknown
2609,,unknown
2610,,unknown
2611,,unknown
2612,,unknown
2613,,unknown
2614,,unknown
2615,,unknown
2616,,unknown
2617,,unknown
2618,,unknown
2619,,unknown
2620,600.39,clay-shale
2621,,unknown
2622,,unknown
2623,,unknown
2624,,unknown
2625,,unknown
2626,,unknown
2627,,unknown
2628,,unknown
2629,,unknown
2630,,unknown
2631,,unknown
2632,,unknown
2633,,unknown
2634,,unknown
2635,,unknown
2636,,unknown
2637,,unknown
2638,,unknown
2639,,unknown
2640,600.39,clay-shale
2641,,unknown
2642,,unknown
2643,,unknown
2644,,unknown
2645,,unknown
2646,,unknown
2647,,unknown
2648,,unknown
2649,,unknown
2650,600.39,clay-shale
2651,,unknown
2652,,unknown
2653,,unknown
2654,,unknown
2655,600.39,clay-shale
2656,,unknown
2657,,unknown
2658,,unknown
2659,600.39,clay-shale
2660,600.39,clay-shale
2661,600.39,clay-shale
2662,600.39,clay-shale
2663,600.39,clay-shale
2664,600.39,clay-shale
2665,600.39,clay-shale
2666,600.39,clay-shale
2667,600.39,clay-shale
2668,600.39,clay-shale
2669,600.39,clay-shale
2670,600.39,clay-shale
2671,600.39,clay-shale
2672,600.39,clay-shale
2673,600.39,clay-shale
2674,600.39,clay-shale
2675,600.39,clay-shale
2676,600.39,clay-shale
2677,600.39,clay-shale
2678,600.39,clay-shale
2679,600.39,clay-shale
2680,600.39,clay-shale
2681,600.39,clay-shale
2682,600.39,clay-shale
2683,600.39,clay-shale
2684,600.39,clay-shale
2685,600.39,clay-shale
2686,600.39,clay-shale
2687,600.39,clay-shale
2688,600.39,clay-shale
2689,600.39,clay-shale
2690,600.39,clay-shale
2691,600.39,clay-shale
2692,600.39,clay-shale
2693,600.39,clay-shale
2694,600.39,clay-shale
2695,600.39,clay-shale
2696,600.39,clay-shale
2697,600.39,clay-shale
2698,600.39,clay-shale
2699,600.39,clay-shale
2700,600.39,clay-shale
2701,600.39,clay-shale
2702,600.39,clay-shale
2703,600.39,clay-shale
2704,600.39,clay-shale
2705,600.39,clay-shale
2706,600.39,clay-shale
2707,600.39,clay-shale
2708,600.39,clay-shale
2709,600.39,clay-shale
2710,600.39,clay-shale
2711,600.39,clay-shale
2712,600.39,clay-shale
2713,600.39,clay-shale
2714,600.39,clay-shale
2715,600.39,clay-shale
2716,600.39,clay-shale
2717,600.39,clay-shale
2718,600.39,clay-shale
2719,600.39,clay-shale
2720,600,clay-shale
2721,600,clay-shale
2722,600,clay-shale
2723,600,clay-shale
2724,600,clay-shale
2725,600,clay-shale
2726,600,clay-shale
2727,600,clay-shale
2728,600,clay-shale
2729,600,clay-shale
2730,600,clay-shale
2731,600,clay-shale
2732,600,clay-shale
2733,600,clay-shale
2734,600,clay-shale
2735,600,clay-shale
2736,600,clay-shale
2737,600,clay-shale
2738,600,clay-shale
2739,600,clay-shale
2740,600,clay-shale
2741,600,clay-shale
2742,600,clay-shale
2743,600,clay-shale
2744,600,clay-shale
2745,600,clay-shale
2746,600,clay-shale
2747,600,clay-shale
2748,600,clay-shale
2749,600,clay-shale
2750,600,clay-shale
2751,600,clay-shale
2752,600,clay-shale
2753,600,clay-shale
2754,600,clay-shale
2755,600,clay-shale
2756,600,clay-shale
2757,600,clay-shale
2758,600,clay-shale
2759,600,clay-shale
2760,600,clay-shale
2761,600,clay-shale
2762,600,clay-shale
2763,600,clay-shale
2764,600,clay-shale
2765,600,clay-shale
2766,600,clay-shale
2767,600,clay-shale
2768,600,clay-shale
2769,600,clay-shale
2770,600,clay-shale
2771,600,clay-shale
2772,600,clay-shale
2773,600,clay-shale
2774,600,clay-shale
2775,600,clay-shale
2776,600,clay-shale
2777,600,clay-shale
2778,600,clay-shale
2779,600,clay-shale
2780,600.39,clay-shale
2781,,unknown
2782,,unknown
2783,,unknown
2784,,unknown
2785,,unknown
2786,,unknown
2787,,unknown
2788,,unknown
2789,,unknown
2790,,unknown
2791,,unknown
2792,,unknown
2793,,unknown
2794,,unknown
2795,,unknown
2796,,unknown
2797,,unknown
2798,,unknown
2799,,unknown
2800,600.39,clay-shale
2801,,unknown
2802,,unknown
2803,,unknown
2804,,unknown
2805,,unknown
2806,,unknown
2807,,unknown
2808,,unknown
2809,,unknown
2810,,unknown
2811,,unknown
2812,,unknown
2813,,unknown
2814,,unknown
2815,,unknown
2816,,unknown
2817,,unknown
2818,,unknown
2819,,unknown
2820,600.39,clay-shale
2821,,unknown
2822,,unknown
2823,,unknown
2824,,unknown
2825,,unknown
2826,,unknown
2827,,unknown
2828,,unknown
2829,,unknown
2830,,unknown
2831,,unknown
2832,,unknown
2833,,unknown
2834,,unknown
2835,,unknown
2836,,unknown
2837,,unknown
2838,,unknown
2839,,unknown
2840,600.39,clay-shale
2841,,unknown
2842,600.39,clay-shale
2843,,unknown
2844,,unknown
2845,,unknown
2846,,unknown
2847,,unknown
2848,,unknown
2849,,unknown
2850,,unknown
2851,,unknown
2852,,unknown
2853,,unknown
2854,,unknown
2855,,unknown
2856,,unknown
2857,,unknown
2858,,unknown
2859,,unknown
2860,600.39,clay-shale
2861,,unknown
2862,,unknown
2863,,unknown
2864,,unknown
2865,,unknown
2866,,unknown
2867,,unknown
2868,,unknown
2869,,unknown
2870,,unknown
2871,,unknown
2872,,unknown
2873,,unknown
2874,,unknown
2875,,unknown
2876,,unknown
2877,,unknown
2878,,unknown
2879,,unknown
2880,600.39,clay-shale
2881,,unknown
2882,,unknown
2883,,unknown
2884,,unknown
2885,,unknown
2886,,unknown
2887,,unknown
2888,,unknown
2889,,unknown
2890,,unknown
2891,,unknown
2892,,unknown
2893,,unknown
2894,,unknown
2895,,unknown
2896,,unknown
2897,,unknown
2898,,unknown
2899,600.39,clay-shale
2900,780,limestone
2901,780,limestone
2902,780,limestone
2903,780,limestone
2904,780,limestone
2905,780,limestone
2906,780,limestone
2907,780,limestone
2908,780,limestone
2909,780,limestone
2910,780,limestone
2911,780,limestone
2912,780,limestone
2913,780,limestone
2914,780,limestone
2915,780,limestone
2916,780,limestone
2917,780,limestone
2918,780,limestone
2919,780,limestone
2920,780,limestone
2921,,unknown
2922,,unknown
2923,,unknown
2924,,unknown
2925,,unknown
2926,,unknown
2927,780,limestone
2928,,unknown
2929,,unknown
2930,,unknown
2931,700,limestone
2932,,unknown
2933,,unknown
2934,,unknown
2935,,unknown
2936,700,limestone
2937,,unknown
2938,,unknown
2939,,unknown
2940,700,limestone
2941,700,limestone
2942,700,limestone
2943,700,limestone
2944,700,limestone
2945,700,limestone
2946,700,limestone
2947,700,limestone
2948,700,limestone
2949,700,limestone
2950,700,limestone
2951,700,limestone
2952,700,limestone
2953,700,limestone
2954,700,limestone
2955,700,limestone
2956,700,limestone
2957,700,limestone
2958,700,limestone
2959,700,limestone
2960,700,limestone
2961,700,limestone
2962,700,limestone
2963,700,limestone
2964,700,limestone
2965,700,limestone
2966,700,limestone
2967,700,limestone
2968,700,limestone
2969,700,limestone
2970,700,limestone
2971,700,limestone
2972,700,limestone
2973,700,limestone
2974,700,limestone
2975,700,limestone
2976,700,limestone
2977,700,limestone
2978,700,limestone
2979,700,limestone
2980,700,limestone
2981,700,limestone
2982,700,limestone
2983,700,limestone
2984,700,limestone
2985,700,limestone
2986,700,limestone
2987,700,limestone
2988,700,limestone
2989,700,limestone
2990,700,limestone
2991,700,limestone
2992,700,limestone
2993,700,limestone
2994,700,limestone
2995,700,limestone
2996,700,limestone
2997,700,limestone
2998,700,limestone
2999,700,limestone
3000,700,limestone
3001,700,limestone
3002,700,limestone
3003,700,limestone
3004,700,limestone
3005,700,limestone
3006,700,limestone
3007,700,limestone
3008,700,limestone
3009,700,limestone
3010,700,limestone
3011,700,limestone
3012,700,limestone
3013,700,limestone
3014,700,limestone
3015,700,limestone
3016,700,limestone
3017,700,limestone
3018,700,limestone
3019,700,limestone
3020,700,limestone
3021,700,limestone
3022,700,limestone
3023,700,limestone
3024,700,limestone
3025,700,limestone
3026,700,limestone
3027,700,limestone
3028,700,limestone
3029,700,limestone
3030,700,limestone
3031,700,limestone
3032,700,limestone
3033,700,limestone
3034,700,limestone
3035,700,limestone
3036,700,limestone
3037,700,limestone
3038,700,limestone
3039,700,limestone
3040,700,limestone
3041,700,limestone
3042,700,limestone
3043,700,limestone
3044,700,limestone
3045,700,limestone
3046,700,limestone
3047,700,limestone
3048,700,limestone
3049,700,limestone
3050,700,limestone
3051,700,limestone
3052,700,limestone
3053,700,limestone
3054,700,limestone
3055,700,limestone
3056,700,limestone
3057,700,limestone
3058,700,limestone
3059,700,limestone
3060,700,limestone
3061,,unknown
3062,,unknown
3063,,unknown
3064,,unknown
3065,,unknown
3066,,unknown
3067,,unknown
3068,,unknown
3069,,unknown
3070,700,limestone
3071,,unknown
3072,,unknown
3073,,unknown
3074,,unknown
3075,700,limestone
3076,,unknown
3077,,unknown
3078,,unknown
3079,,unknown
3080,700,limestone
3081,,unknown
3082,,unknown
3083,,unknown
3084,,unknown
3085,700,limestone
3086,,unknown
3087,,unknown
3088,,unknown
3089,,unknown
3090,,unknown
3091,,unknown
3092,,unknown
3093,,unknown
3094,,unknown
3095,,unknown
3096,,unknown
3097,,unknown
3098,,unknown
3099,,unknown
3100,700.32,limestone
3101,700.32,limestone
3102,700.32,limestone
3103,700.32,limestone
3104,700.32,limestone
3105,700.32,limestone
3106,700.32,limestone
3107,700.32,limestone
3108,700.32,limestone
3109,700.32,limestone
3110,700.32,limestone
3111,700.32,limestone
3112,700.32,limestone
3113,700.32,limestone
3114,700.32,limestone
3115,700.32,limestone
3116,700.32,limestone
3117,700.32,limestone
3118,700.32,limestone
3119,700.32,limestone
3120,700.32,limestone
3121,700.32,limestone
3122,700.32,limestone
3123,700.32,limestone
3124,700.32,limestone
3125,700.32,limestone
3126,700.32,limestone
3127,700.32,limestone
3128,700.32,limestone
3129,700.32,limestone
3130,700.32,limestone
3131,700.32,limestone
3132,700.32,limestone
3133,700.32,limestone
3134,700.32,limestone
3135,700.32,limestone
3136,700.32,limestone
3137,700.32,limestone
3138,700.32,limestone
3139,700.32,limestone
3140,700.32,limestone
3141,700.32,limestone
3142,700.32,limestone
3143,700.32,limestone
3144,700.32,limestone
3145,700.32,limestone
3146,700.32,limestone
3147,700.32,limestone
3148,700.32,limestone
3149,700.32,limestone
3150,700.32,limestone
3151,700.32,limestone
3152,700.32,limestone
3153,700.32,limestone
3154,700.32,limestone
3155,700.32,limestone
3156,700.32,limestone
3157,700.32,limestone
3158,700.32,limestone
3159,700.32,limestone
3160,700.17,limestone
3161,700.17,limestone
3162,700.17,limestone
3163,700.17,limestone
3164,700.17,limestone
3165,700.17,limestone
3166,700.17,limestone
3167,700.17,limestone
3168,700.17,limestone
3169,700.17,limestone
3170,700.17,limestone
3171,700.17,limestone
3172,700.17,limestone
3173,700.17,limestone
3174,700.17,limestone
3175,700.17,limestone
3176,700.17,limestone
3177,700.17,limestone
3178,700.17,limestone
3179,700.17,limestone
3180,700.17,limestone
3181,,unknown
3182,,unknown
3183,,unknown
3184,,unknown
3185,700.17,limestone
3186,,unknown
3187,,unknown
3188,,unknown
3189,,unknown
3190,700.17,limestone
3191,,unknown
3192,,unknown
3193,,unknown
3194,,unknown
3195,,unknown
3196,,unknown
3197,,unknown
3198,,unknown
3199,,unknown
3200,800.17,marl
3201,,unknown
3202,,unknown
3203,,unknown
3204,,unknown
3205,,unknown
3206,,unknown
3207,,unknown
3208,,unknown
3209,,unknown
3210,800.17,marl
3211,,unknown
3212,,unknown
3213,,unknown
3214,,unknown
3215,,unknown
3216,,unknown
3217,,unknown
3218,,unknown
3219,,unknown
3220,800,marl
3221,,unknown
3222,,unknown
3223,,unknown
3224,,unknown
3225,800,marl
3226,,unknown
3227,,unknown
3228,,unknown
3229,,unknown
3230,800,marl
3231,,unknown
3232,,unknown
3233,,unknown
3234,,unknown
3235,800,marl
3236,,unknown
3237,,unknown
3238,,unknown
3239,,unknown
3240,800,marl
3241,,unknown
3242,,unknown
3243,,unknown
3244,,unknown
3245,800,marl
3246,,unknown
3247,,unknown
3248,,unknown
3249,,unknown
3250,800,marl
3251,,unknown
3252,,unknown
3253,,unknown
3254,800,marl
3255,,unknown
3256,,unknown
3257,,unknown
3258,,unknown
3259,,unknown
3260,800,marl
3261,,unknown
3262,,unknown
3263,,unknown
3264,,unknown
3265,800,marl
3266,,unknown
3267,,unknown
3268,,unknown
3269,,unknown
3270,600.27,clay-shale
3271,,unknown
3272,,unknown
3273,,unknown
3274,,unknown
3275,600.27,clay-shale
3276,600.27,clay-shale
3277,,unknown
3278,,unknown
3279,,unknown
3280,600.27,clay-shale
3281,600.27,clay-shale
3282,,unknown
3283,,unknown
3284,,unknown
3285,,unknown
3286,,unknown
3287,,unknown
3288,,unknown
3289,,unknown
3290,700.17,limestone
3291,700.17,limestone
3292,700.17,limestone
3293,700.17,limestone
3294,700.17,limestone
3295,700.17,limestone
3296,700.17,limestone
3297,700.17,limestone
3298,700.17,limestone
3299,700.17,limestone
3300,800.26,marl
3301,800.26,marl
3302,800.26,marl
3303,800.26,marl
3304,800.26,marl
3305,800.26,marl
3306,800.26,marl
3307,800.26,marl
3308,800.26,marl
3309,800.26,marl
3310,651.23,clay-shale
3311,651.23,clay-shale
3312,651.23,clay-shale
3313,651.23,clay-shale
3314,651.23,clay-shale
3315,651.23,clay-shale
3316,651.23,clay-shale
3317,651.23,clay-shale
3318,651.23,clay-shale
3319,651.23,clay-shale
3320,651.23,clay-shale
3321,,unknown
3322,,unknown
3323,,unknown
3324,,unknown
3325,651.23,clay-shale
3326,,unknown
3327,,unknown
3328,,unknown
3329,,unknown
3330,651.23,clay-shale
3331,,unknown
3332,,unknown
3333,,unknown
3334,,unknown
3335,651.23,clay-shale
3336,,unknown
3337,,unknown
3338,,unknown
3339,,unknown
3340,651.23,clay-shale
3341,,unknown
3342,,unknown
3343,,unknown
3344,,unknown
3345,,unknown
3346,651.23,clay-shale
3347,,unknown
3348,,unknown
3349,,unknown
3350,651.23,clay-shale
3351,651.23,clay-shale
3352,,unknown
3353,,unknown
3354,,unknown
3355,,unknown
3356,,unknown
3357,,unknown
3358,,unknown
3359,,unknown
3360,651.23,clay-shale
3361,651.23,clay-shale
3362,651.23,clay-shale
3363,651.23,clay-shale
3364,651.23,clay-shale
3365,651.23,clay-shale
3366,651.23,clay-shale
3367,651.23,clay-shale
3368,651.23,clay-shale
3369,651.23,clay-shale
3370,651.23,clay-shale
3371,651.23,clay-shale
3372,651.23,clay-shale
3373,651.23,clay-shale
3374,651.23,clay-shale
3375,651.23,clay-shale
3376,651.23,clay-shale
3377,651.23,clay-shale
3378,651.23,clay-shale
3379,651.23,clay-shale
3380,651.23,clay-shale
3381,651.23,clay-shale
3382,651.23,clay-shale
3383,651.23,clay-shale
3384,651.23,clay-shale
3385,651.23,clay-shale
3386,651.23,clay-shale
3387,651.23,clay-shale
3388,651.23,clay-shale
3389,651.23,clay-shale
3390,651.23,clay-shale
3391,651.23,clay-shale
3392,651.23,clay-shale
3393,651.23,clay-shale
3394,651.23,clay-shale
3395,651.23,clay-shale
3396,651.23,clay-shale
3397,651.23,clay-shale
3398,651.23,clay-shale
3399,651.23,clay-shale
3400,651.23,clay-shale
3401,651.23,clay-shale
3402,651.23,clay-shale
3403,651.23,clay-shale
3404,651.23,clay-shale
3405,651.23,clay-shale
3406,651.23,clay-shale
3407,651.23,clay-shale
3408,651.23,clay-shale
3409,651.23,clay-shale
3410,651.23,clay-shale
3411,651.23,clay-shale
3412,651.23,clay-shale
3413,651.23,clay-shale
3414,651.23,clay-shale
3415,,unknown
3416,,unknown
3417,,unknown
3418,,unknown
3419,,unknown
3420,651.23,clay-shale
3421,,unknown
3422,,unknown
3423,,unknown
3424,,unknown
3425,,unknown
3426,,unknown
3427,,unknown
3428,,unknown
3429,,unknown
3430,651.23,clay-shale
3431,,unknown
3432,,unknown
3433,,unknown
3434,,unknown
3435,651.23,clay-shale
3436,,unknown
3437,,unknown
3438,,unknown
3439,,unknown
3440,660.23,clay-shale
3441,,unknown
3442,,unknown
3443,,unknown
3444,,unknown
3445,,unknown
3446,,unknown
3447,,unknown
3448,,unknown
3449,,unknown
3450,660.23,clay-shale
3451,,unknown
3452,,unknown
3453,,unknown
3454,,unknown
3455,,unknown
3456,,unknown
3457,,unknown
3458,,unknown
3459,,unknown
3460,660.23,clay-shale
3461,,unknown
3462,,unknown
3463,,unknown
3464,,unknown
3465,,unknown
3466,,unknown
3467,,unknown
3468,,unknown
3469,660.23,clay-shale
3470,301.23,sandstone
3471,,unknown
3472,,unknown
3473,,unknown
3474,,unknown
3475,301.23,sandstone
3476,,unknown
3477,301.23,sandstone
3478,,unknown
3479,,unknown
3480,301.23,sandstone
3481,,unknown
3482,,unknown
3483,,unknown
3484,,unknown
3485,,unknown
3486,,unknown
3487,,unknown
3488,,unknown
3489,,unknown
3490,301.23,sandstone
3491,,unknown
3492,,unknown
3493,,unknown
3494,,unknown
3495,,unknown
3496,,unknown
3497,,unknown
3498,,unknown
3499,,unknown
3500,301.23,sandstone
3501,,unknown
3502,,unknown
3503,,unknown
3504,,unknown
3505,,unknown
3506,301.23,sandstone
3507,,unknown
3508,,unknown
3509,,unknown
3510,,unknown
3511,,unknown
3512,720,limestone
3513,,unknown
3514,,unknown
3515,,unknown
3516,,unknown
3517,,unknown
3518,301.23,sandstone
3519,,unknown
3520,301.23,sandstone
3521,301.23,sandstone
3522,301.23,sandstone
3523,301.23,sandstone
3524,301.23,sandstone
3525,301.23,sandstone
3526,301.23,sandstone
3527,301.23,sandstone
3528,301.23,sandstone
3529,301.23,sandstone
3530,301.23,sandstone
3531,301.23,sandstone
3532,301.23,sandstone
3533,301.23,sandstone
3534,301.23,sandstone
3535,301.23,sandstone
3536,301.23,sandstone
3537,301.23,sandstone
3538,301.23,sandstone
3539,301.23,sandstone
3540,,unknown
3541,,unknown
3542,301.23,sandstone
3543,301.23,sandstone
3544,301.23,sandstone
3545,301.23,sandstone
3546,301.23,sandstone
3547,301.23,sandstone
3548,301.23,sandstone
3549,301.23,sandstone
3550,301.23,sandstone
3551,301.23,sandstone
3552,301.23,sandstone
3553,301.23,sandstone
3554,301.23,sandstone
3555,301.23,sandstone
3556,301.23,sandstone
3557,301.23,sandstone
3558,301.23,sandstone
3559,301.23,sandstone
3560,301.23,sandstone
3561,301.23,sandstone
3562,301.23,sandstone
3563,301.23,sandstone
3564,301.23,sandstone
3565,301.23,sandstone
3566,301.23,sandstone
3567,301.23,sandstone
3568,301.23,sandstone
3569,301.23,sandstone
3570,301.23,sandstone
3571,301.23,sandstone
3572,301.23,sandstone
3573,301.23,sandstone
3574,301.23,sandstone
3575,301.23,sandstone
3576,301.23,sandstone
3577,301.23,sandstone
3578,301.23,sandstone
3579,301.23,sandstone
3580,301.23,sandstone
3581,301.23,sandstone
3582,301.23,sandstone
3583,301.23,sandstone
3584,301.23,sandstone
3585,301.23,sandstone
3586,301.23,sandstone
3587,301.23,sandstone
3588,301.23,sandstone
3589,301.23,sandstone
3590,301.23,sandstone
3591,301.23,sandstone
3592,301.23,sandstone
3593,301.23,sandstone
3594,301.23,sandstone
3595,301.23,sandstone
3596,301.23,sandstone
3597,301.23,sandstone
3598,,unknown
3599,,unknown
3600,,unknown
3601,,unknown
3602,301.23,sandstone
3603,,unknown
3604,,unknown
3605,,unknown
3606,,unknown
3607,,unknown
3608,301.23,sandstone
3609,,unknown
3610,,unknown
3611,,unknown
3612,,unknown
3613,,unknown
3614,301.23,sandstone
3615,301.23,sandstone
3616,,unknown
3617,,unknown
3618,,unknown
3619,,unknown
3620,301.23,sandstone
3621,,unknown
3622,,unknown
3623,,unknown
3624,,unknown
3625,301.23,sandstone
3626,301.23,sandstone
3627,,unknown
3628,301.23,sandstone
3629,,unknown
3630,301.23,sandstone
3631,,unknown
3632,301.23,sandstone
3633,,unknown
3634,,unknown
3635,301.23,sandstone
3636,,unknown
3637,,unknown
3638,301.23,sandstone
3639,301.23,sandstone
3640,301.23,sandstone
3641,,unknown
3642,301.23,sandstone
3643,,unknown
3644,301.23,sandstone
3645,301.23,sandstone
3646,,unknown
3647,301.23,sandstone
3648,,unknown
3649,,unknown
3650,301.23,sandstone
3651,,unknown
3652,301.23,sandstone
3653,,unknown
3654,,unknown
3655,,unknown
3656,301.23,sandstone
3657,,unknown
3658,,unknown
3659,,unknown
3660,,unknown
3661,,unknown
3662,301.23,sandstone
3663,,unknown
3664,,unknown
3665,301.23,sandstone
3666,,unknown
3667,,unknown
3668,301.23,sandstone
3669,,unknown
3670,301.23,sandstone
3671,,unknown
3672,,unknown
3673,,unknown
3674,301.23,sandstone
3675,301.23,sandstone
3676,,unknown
3677,,unknown
3678,,unknown
3679,,unknown
3680,301.23,sandstone
3681,,unknown
3682,,unknown
3683,,unknown
3684,,unknown
3685,301.23,sandstone
3686,301.23,sandstone
3687,,unknown
3688,,unknown
3689,,unknown
3690,301.23,sandstone
3691,,unknown
3692,301.23,sandstone
3693,,unknown
3694,,unknown
3695,301.23,sandstone
3696,,unknown
3697,,unknown
3698,301.23,sandstone
3699,,unknown
3700,,unknown
3701,,unknown
3702,,unknown
3703,,unknown
3704,301.23,sandstone
3705,,unknown
3706,,unknown
3707,,unknown
3708,,unknown
3709,,unknown
3710,301.23,sandstone
3711,,unknown
3712,,unknown
3713,301.23,sandstone
3714,,unknown
3715,301.23,sandstone
3716,700,limestone
3717,,unknown
3718,,unknown
3719,,unknown
3720,700,limestone
3721,,unknown
3722,700.26,limestone
3723,,unknown
3724,,unknown
3725,700.26,limestone
3726,,unknown
3727,,unknown
3728,700.26,limestone
3729,,unknown
3730,700.26,limestone
3731,,unknown
3732,,unknown
3733,700.26,limestone
3734,300.23,sandstone
3735,300.23,sandstone
3736,300.23,sandstone
3737,,unknown
3738,,unknown
3739,,unknown
3740,300.23,sandstone
3741,,unknown
3742,300.23,sandstone
3743,,unknown
3744,,unknown
3745,,unknown
3746,301,sandstone
3747,,unknown
3748,,unknown
3749,,unknown
3750,,unknown
3751,,unknown
3752,301,sandstone
3753,,unknown
3754,,unknown
3755,,unknown
3756,,unknown
3757,,unknown
3758,720.19,limestone
3759,,unknown
3760,,unknown
3761,,unknown
3762,720.19,limestone
3763,,unknown
3764,720.19,limestone
3765,,unknown
3766,,unknown
3767,,unknown
3768,,unknown
3769,,unknown
3770,720.19,limestone
3771,,unknown
3772,,unknown
3773,,unknown
3774,,unknown
3775,,unknown
3776,301,sandstone
3777,,unknown
3778,,unknown
3779,,unknown
3780,,unknown
3781,,unknown
3782,720,limestone
3783,,unknown
3784,720,limestone
3785,,unknown
3786,,unknown
3787,,unknown
3788,720,limestone
3789,,unknown
3790,,unknown
3791,,unknown
3792,720,limestone
